"0","0","ROOT","40","1"
"1","0","ТОВАРЫ","101","178204635586577"
"2","0","ТЕМЫ","105","178204635586577"
"3","0","БРЕНДЫ","107","178204635586577"
"4","1","Фонарики","182","72625749491713"
"5","1","Часы","184","72625749491713"
"6","1","Промо-мелочи","152","72625749491713"
"7","1","Наборы для алкоголя","111","70426726236161"
"8","1","РЮКЗАКИ","156","72625749491713"
"9","3","US Basic","47","72625749491713"
"10","263","Цена указана за тираж 10 шт. и без учета персонализации.","191","9"
"11","5","часы|часы наручные|часы настенные|наручные часы|настенные часы|настольные часы|часы настольные|xfcs","255","1125899906842625"
"12","1","РУЧКИ","155","72625749491713"
"13","1","Блокноты","62","72625749491713"
"14","1","Зажигалки","90","72625749491713"
"15","1","Мультитулы и наборы инструментов","109","72625749491713"
"16","1","ПУСТАЯ","186","1"
"17","62","футболки|футболка|aen,jkrf|aen,jkrb|майки|майка|футболки мужские женские|футболки промо","255","1125899906842625"
"18","2","Новый Год","118","72625749491713"
"19","1","Брелоки","63","72625749491713"
"20","3","Знаки Внимания","91","72625749491713"
"21","0","КАТАЛОГИ","106","178204635586577"
"22","2","Сувениры для конференций","166","72625749491713"
"23","2","Символ года 2018","162","72625749491713"
"24","64","автоаксессуары|скребок|скребки|авто|автолюбителю|солнцезащитные экраны|солнцезащитный экран|автолюбителю","200","1125899906842625"
"25","59","коробки","223","1"
"26","1","ЕЖЕДНЕВНИКИ","85","72625749491713"
"27","1","USB-устройства","48","72625749491713"
"28","260","новинка","232","19795504267273"
"29","1","Антистрессы","58","72625749491713"
"30","1","Бейсболки","61","72625749491713"
"31","1","Гигиена и уход за собой","79","72625749491713"
"32","1","Ветровки и куртки","69","72625749491713"
"33","1","Визитницы","70","72625749491713"
"34","65","чехлы для плашнетов|чехол для планшета|чехол для телефона|чехлы для телефона|подставки для телефона|подставки для плашнета|подставка для ","255","1125899906842625"
"36","175","галстук|галстуки|зажим для галстука|зажимы для галстука|зажимы для галстуков|запонки","208","1125899906842625"
"37","1","Джемперы","80","72625749491713"
"38","1","Зонты","92","72625749491713"
"39","1","Игры, головоломки","93","72625749491713"
"41","1","Бутылки для воды","65","72625749491713"
"42","1","Кружки","101","72625749491713"
"44","1","Магниты","104","72625749491713"
"45","1","Метеостанции","106","72625749491713"
"46","1","Награды и плакетки","113","72625749491713"
"47","1","Папки и портфели","136","72625749491713"
"48","1","Открытки","125","72625749491713"
"49","1","Персональные аксессуары","137","72625749491713"
"50","1","Пледы","143","72625749491713"
"51","1","Фляжки","181","72625749491713"
"52","1","ПОЛО","127","72625749491713"
"53","1","Портмоне и кошельки","148","72625749491713"
"54","1","Рулетки","158","72625749491713"
"55","174","брюки|штаны|спортивные штаны|спортивные брюки|мужские брюки|женские брюки|шорты|мужские шорты|женские шорты","205","1125899906842625"
"56","1","Сумки","168","72625749491713"
"57","1","Термосы и термокружки","172","72625749491713"
"58","1","Толстовки","175","72625749491713"
"59","1","Упаковка","179","72625749491713"
"60","1","Флешки","180","72625749491713"
"62","1","Футболки","183","72625749491713"
"63","1","Все для чая и кофе","76","72625749491713"
"64","1","Автоаксессуары","55","72625749491713"
"65","1","Аксессуары для мобильных устройств","57","72625749491713"
"66","2","VIP","50","72625749491713"
"67","13","блокнот|блокноты|блокноты с логотипом|блокноты с нанесением|,kjryjn|,kjryjns|записная книжка|записные книжки|телефонная книжка|телефонная книга|","203","1125899906842625"
"68","59","упаковка для бутылок","255","1"
"69","63","чайная пара|чайные пары|набор для чая|наборы для чая|чайные наборы|набор для кофе|наборы для кофе|кофейный набор|кофейные наборы|чайные наб","255","1125899906842625"
"70","33","визитница|визитницы|футляр для визиток|футляры для визиток|кредитница|футляр для визитных карточек|dbpbnybwf|dbpbnybws|футляр для карточек|футляр","207","1125899906842625"
"71","19","брелок|брелоки|брелки|промо брелоки|промо брелки|,htkjr|,htkjrb|,htkrb|брелок-рулетка|брелок-фонарик|брелок рулетка|брелок фонарик","204","1125899906842625"
"72","29","антристресс|антистрессы|массажер|массажеры|fynbcnhtcc|fynbcnhtccs|игрущка антистресс|игрушки антистрессы","201","1125899906842625"
"73","183","жилет|жилеты|жилетки|жилетка|;bktns|;bktnrb|;bktn|;bktnrf","215","1125899906842625"
"74","170","халат|халаты|полотенце|полотенца|подушка|подушки|gjleirf|gjleirb|gjkjntywf|gjkjntywt|текстиль для дома|домашний текстиль","255","1125899906842625"
"75","2","Дом","81","72625749491713"
"76","2","Изделия для записей","94","72625749491713"
"77","2","Инструменты","95","72625749491713"
"78","182","новогодний декор|елочные шары|елочный шар|новогодние шары|новогодние украшения|новогоднее украшение|шары на елку|ёлочный шар|ёлочные шар","233","1125899906842625"
"79","45","метеостанция|метеостанции|погодная станция|погодные станции|метео|часы с погодой","229","1125899906842625"
"80","210","обложка на документы|обложка для документов|обложки на документы|обложки для документов|обложка для паспорта|обложки для паспорта|обложк","235","1125899906842625"
"81","41","спортивные бутылки|спортивная бутылка|бутылка спортивная|бутылки для воды|бутылка для воды","254","1125899906842625"
"82","2","Необычные подарки","115","72625749491713"
"83","2","Одежда","122","72625749491713"
"84","1","Дорожные аксессуары","83","72625749491713"
"85","2","Отдых и путешествия","124","72625749491713"
"86","84","багажная бирка|багажные бирки|дорожный набор|дорожные наборы|набор дорожный|подушка для путешествий|подушки для путешествий|чемодан|чемоданы|портплед|портпледы","202","1125899906842625"
"87","2","Офис","126","72625749491713"
"88","2","Персональные аксессуары","138","72625749491713"
"89","2","Письменные принадлежности","140","72625749491713"
"90","2","Подарки для женщин","145","72625749491713"
"91","2","Подарки для мужчин","146","72625749491713"
"92","2","Посуда и кухня","149","72625749491713"
"93","2","Промо","151","72625749491713"
"94","2","Профессии","153","72625749491729"
"95","58","толстовка|толстовки|толстовка с логотипом|толстовка с логотипом|толстовки с нанесением|njkcnjdrf|njkcnjdrb|флисовка|кофта из флиса|флисовая кофта|","255","1125899906842625"
"96","2","Новосибирск","117","72625749491713"
"97","42","кружка|кружки|rhe;rf|rhe;rb|керамические кружки|пластиковые кружки|кружки керамические|кружки пластиковые","225","1125899906842625"
"98","2","Упаковка и декор","178","72625749491713"
"99","15","мульиинструмент|мультитул|мультитулы|многофункциональный нож|нож карманный|карманные ножи|складные ножи|складной нож|нож-мультиинструм","230","1125899906842625"
"100","2","Электроника","199","72625749491713"
"101","21","E-Bazaar","23","72625749491713"
"102","3","ExpressTIME","25","72625749491713"
"103","21","Happy Gifts","27","72625749491713"
"104","21","MidOceanBrands","33","72625749491713"
"105","21","OASIS Bussiness Gifts","35","72625749491713"
"106","3","SOLS","41","72625749491713"
"107","3","B&C","18","72625749491713"
"108","263","Выгрузка ЭкоВинчи для дилеров","77","9"
"109","1","Подарочные наборы","147","72625749491713"
"110","44","магнит|магниты|магнит на холодильник|магнитик|vfuybn|vfuybns","227","1125899906842625"
"111","21","ГАЛЕРЕЯ Элитных подарков","78","72625749491713"
"112","263","Цена указана за 1 шт. и без учета персонализации.","189","9"
"113","21","ОКЕАН бизнес сувениров","120","72625749491713"
"114","32","ветровка|ветровки|куртка|куртки|мужские куртки|мужская куртка|женские куртки|мужские ветровки|женские ветровки|непромокаемые куртки|флисовка|флисовая куртка|флисовые куртки|флис|куртка флисовая|куртки флисовые|флисовки|куртка из флиса|куртки из флиса|кофта из флиса|кофты из флиса|флисовая кофта|флисовые кофты|кофта флисовая|кофты флисовые|флисовая|куртка на молнии|флисовка на молнии","206","1125899906842625"
"115","21","ПРОЕКТ 111","129","72625749491713"
"116","21","ЕЖЕ","84","72625749491713"
"117","52","поло|футболки поло|рубашки поло|футболка поло|рубашка поло|gjkj|поло с логотипом|поло с нанесением|футболки-поло|футболка-поло","245","1125899906842625"
"118","21","Склад в Новосибирске","163","70426726236161"
"119","1","ПУСТО","190","1"
"120","3","Celebrity","21","72625749491713"
"121","263","Стоимость товара указана без учета нанесения.","165","4294967305"
"122","1","Спортивные товары","164","72625749491713"
"123","37","джемпер|джемперы|свитер|свитер мужской|свитер женский|джемпер мужской|джемпер женский|свитшот|пуловер","211","1125899906842625"
"124","165","планинг|планинги|gkfybyub|gkfybyu","241","1125899906842625"
"125","46","награда|награды|кубки|кубок|плакетка|плакетки|стела|стелы","231","1125899906842625"
"126","39","игры|игра|игрушки|настольные игры|шашки|шахматы|нарды|головоломка|головоломки|игровые наборы|наборы игр|игры в дорогу|пазл|паззл|пазлы|паззлы","219","1125899906842625"
"127","21","XINDAO","52","72625749491713"
"128","263","Внимание! Цена указана за минимальный тираж 10 штук одного цвета. ","71","4294967305"
"129","14","зажигалка|зажигалки|pf;bufkrb|pf;bufkrf|пепельница|пепельницы|для курения|сувениры для курения","216","1125899906842625"
"130","200","косметичка|косметички|rjcvtnbxrf|rjcvtnbxrb|несессер|несессеры|ytctccth|ytctccths","224","1125899906842625"
"131","59","пакеты и сумочки","238","1"
"132","3","IMPLEXIONS","28","70373039144961"
"133","3","Inoxcrom","29","72625749491713"
"134","263","В связи с постоянным изменением стоимости материалов, цены, указанные на сайте, могут меняться. Просим уточнять цены у менеджеров.","67","4294967305"
"135","263","Внимание! Цена указана за минимальный тираж 5 штук одного цвета. Персонализация в цену не входит! Стоимость зависит от тиража и способа персонализации.  Для того, чтобы узнать цену с учетом особенностей вашего заказа, обратитесь к менеджеру.","74","4294967305"
"136","59","декоративная упаковка","210","1"
"137","94","строительство","255","70426726236161"
"138","2","9 мая","15","72625749491713"
"139","94","транспорт","255","70426726236161"
"140","2","Фетровая коллекция","179","72625749491713"
"141","3","Klio Eterna","31","72625749491713"
"142","3","Chili","22","72625749491713"
"143","21","РОСТАЙМ","154","72625749491713"
"144","3","Parker","37","72625749491713"
"145","48","по случаю и без","244","57982058497"
"146","21","OASIS Exclusive","36","72625749491713"
"147","3","Prodir","39","72625749491713"
"148","3","B1","19","72625749491713"
"149","3","ЭкоВинчи Premium","198","72625749491713"
"150","3","ЭкоВинчи Budget","197","72625749491713"
"151","3","Senator","43","72625749491713"
"152","3","Адъютант","56","72625749491713"
"153","94","финансы","255","70426726236161"
"154","3","T-bolka","46","72625749491713"
"155","263","Цена актуальна, если товар есть в наличии. При заказе тиража стоимость уточняйте у менеджеров.","184","4294967305"
"156","263","Ручки и фетр могут быть заменены. Точную комплектацию уточняйте у менеджеров.","160","4294967305"
"157","263","Цена изделия указана при покупке от 50 шт. Стоимость изделия при меньшем количестве уточняйте у менеджеров.","188","4294967305"
"158","263","Цена изделия указана при покупке от 30 шт. Стоимость изделия при меньшем количестве уточняйте у менеджеров.","186","4294967305"
"159","3","Waterman","51","72625749491713"
"160","263","Цена изделия указана при покупке от 100 шт. Стоимость изделия при меньшем количестве уточняйте у менеджеров.","185","4294967305"
"161","263","Цена изделия указана при покупке от 5 шт. Стоимость изделия при меньшем количестве уточняйте у менеджеров.","187","4294967305"
"162","21","КЬЮТИ","97","72625749491713"
"163","263","Внимание! Цена указана за минимальный тираж 50 штук одного цвета. Персонализация в цену не входит! Стоимость зависит от тиража, материала и способа персонализации.  Чтобы узнать цену с учетом особенностей вашего заказа, обратитесь к менеджеру.","75","4294967305"
"164","1","Сумка-холодильник","167","72625749491713"
"165","1","Планинги","141","72625749491713"
"166","48","открытки|открытки на праздник|поздравительные открытки|необычные открытки|открытки кьюти|оригинальные открытки|jnrhsnrb","237","1125899906842625"
"167","1","Аудио-гаджеты","59","72625749491713"
"168","48","Новый год","119","70426726236161"
"169","168","открытки на новый год|новогодние открытки|новогодняя открытка|открытка на новый год|yjdjujlybt jnrhsnrb|открытки новый год","236","1125899906842625"
"170","1","Домашний текстиль","82","72625749491713"
"171","94","медицина","228","70426726236161"
"172","94","энергетика","255","70426726236161"
"173","59","футляры для ручек","255","1"
"174","1","Брюки и шорты","64","72625749491713"
"176","53","портмоне|кошелек|кошельки|gjhnvjyt|rjitktr|rjitkmrb|мужские портмоне|портмоне мужские|женские портмоне|портмоне женские|зажим для денег|зажимы для денег|зажим для банкнот|зажим для купюр|зажимы для банкнот|зажимы для купюр","246","1125899906842625"
"177","31","зеркальце|зеркальца|расческа|расчески|маникюрный набор|маникюрные наборы|косметические наборы|косметический набор|косметические товары|товары для гигиены","217","1125899906842625"
"178","1","Пляжные аксессуары","144","72625749491713"
"179","260","спецпредложение","253","17596481011721"
"180","48","8 марта","14","70426726236161"
"181","1","Туристические принадлежности","176","72625749491713"
"182","1","Новогодние украшения и шары","116","72625749491713"
"183","1","Жилеты","89","72625749491713"
"184","48","23 февраля","13","70426726236161"
"185","1","Шкатулки и футляры","185","72625749491713"
"186","48","9 мая","16","57982058497"
"187","38","зонт|зонты|зонтик|зонтики|pjyn|pjyns|pjynbrb|pjynbr|женские зонты|женский зонт|мужские зонты|мужской зонт","218","1125899906842625"
"188","224","свеча|свечка|свечи|свечки|подсвечники|подсвечник|набор свечей|набор подсвечников|свечи|cdtxb|cdtxrb|gjlcdtxybr|gjlcdtxybrb","252","1125899906842625"
"189","50","плед|пледы|покрывало|покрывала|gktl|gktls","243","1125899906842625"
"190","1","Канцелярские принадлежности","98","72625749491713"
"191","1","Карандаши","99","72625749491713"
"192","1","Предметы интерьера","150","72625749491713"
"193","47","папка|папки|gfgrf|gfgrb|офисные папки|портфель|портфели|кейс|кейсы","239","1125899906842625"
"194","1","ПУСТО","191","1"
"195","164","сумка-холодильник|кулер|сумка-кулер","255","1125899906842625"
"196","263","Товар производится в Новосибирске.","173","4294967305"
"198","18","новый год|новогодние подарки|новогодние сувениры|подарки новый год|подарки на новый год|сувениры новый год|сувениры на новый год|новый год сувениры|новый год подарки|новый год 2015","234","1125899906842625"
"199","94","государство и власть","209","70426726236161"
"200","1","Косметички и несессеры","100","72625749491713"
"201","54","рулетка|рулетки|рулетки с логотипом|hektnrf|hektnrb|брелок-рулетка|брелок с рулеткой","249","1125899906842625"
"202","190","календарь|календари|офисный календарь|офисные календари|календари для офиса|календарь настольный|календари настольные|настольный календарь|настольные календари|настенные календарь|настенные календари|календарь настенные|календари настенные|календари квартальный|календари квартальные|квартальный календарь|квартальные календари","220","1125899906842625"
"203","1","Кухонные аксессуары","103","72625749491713"
"204","212","","7","1125899906842625"
"206","1","Настольные приборы и подставки","114","72625749491713"
"207","57","термокружка|термокружки|кружка-термос|дорожная кружка|дорожные кружки|автокружка|автокружки|кружка дорожная|кружки дорожные|кружка с термоизоляцией|кружки с термоизоляцией|термостакан|nthvjrhe;rf|nthvjrhe;rb|nthvjcnfrfy|ljhj;yfz rhe;rf|термос|термосы|nthvjc|nthvjcs|тэрмос|тэрмосы","255","1125899906842625"
"208","12","ручка|ручки|ручки с логотипом|ручки с нанесением|ручки оптом|ручк|hexrf|hexrb|дешевые ручки","250","1125899906842625"
"209","8","рюкзак|рюкзаки|h.rpfr|h.rpfrb","251","1125899906842625"
"210","1","Обложки для документов","121","72625749491713"
"211","56","сумка|сумки|cevrf|cevrb|сумочки|сумочка|спортивные сумки|спортивная сумка|дорожная сумка|дорожные сумки","255","1125899906842625"
"212","1","Теплый текстиль","171","72625749491713"
"213","60","флешки|флешки с логотипом|флешка|флэшка|флэшки с логотипом|aktirf|aktirb|ak'irf|ak'irb|флеш-карта|флэш-карта","255","1125899906842625"
"215","49","платок|платки|ремень|ремни|gkfnjr|gkfnrb|htvym|палантин","242","1125899906842625"
"216","1","пусто","189","1"
"217","181","дождевик|дождевики|бинокли|бинокль|компас|компасы|бутылка для воды|бутылки для воды|походные наборы|походный набор|походные коврики|туристические коврики|пляжные коврики|пляжный коврик|походный коврик|коврик для пикника|коврики для пикника","212","1125899906842625"
"218","51","фляжка|фляжки|akz;rf|akz;rb","255","1125899906842625"
"219","263","Внимание! Цена указана за минимальный тираж 10 штук одного цвета. Персонализация в цену не входит! Стоимость зависит от тиража и способа персонализации.  Для того, чтобы узнать цену с учетом особенностей вашего заказа, обратитесь к менеджеру.","72","4294967305"
"220","263","Внимание! Цена указана за минимальный тираж 30 штук одной цветовой гаммы. Персонализация в цену не входит! Стоимость зависит от тиража и способа персонализации.  Для того, чтобы узнать цену с учетом особенностей вашего заказа, обратитесь к менеджеру.","73","4294967305"
"221","3","thINKme","54","72625749491713"
"222","3","Portobello","38","72625749491713"
"223","26","Ежедневники датированные","86","72625749491713"
"224","1","Свечи и подсвечники","161","72625749491713"
"225","1","Товары для пикника","174","70426726236161"
"226","26","Ежедневники недатированные","87","72625749491713"
"227","26","Оригинальные ежедневники","123","70426726236161"
"228","26","Еженедельники","88","72625749491713"
"229","3","nazarenogabrielli","53","72625749491713"
"230","3","Avanzo Daziaro","17","72625749491713"
"231","3","Elevate","24","72625749491713"
"232","3","Ручки Silver","159","72625749491713"
"233","3","Fruit of the Loom","26","72625749491713"
"234","3","Bruno Visconti","20","72625749491713"
"235","1","Рубашки","157","72625749491713"
"236","3","Slazenger","44","72625749491713"
"237","2","Эко-подарки","196","72625749491713"
"238","3","Moleskine","34","72625749491713"
"239","1","ВНЕШНИЕ АККУМУЛЯТОРЫ","68","72625749491713"
"240","239","пауэбанк|аккумулятор|power bank|истоник питания|внешний аккумулятор|внешние аккумуляторы|пауэбанки|универсальный аккумулятор|универсальные аккумуляторы","240","1125899906842625"
"241","3","JRC","30","72625749491713"
"242","12","Металлические ручки","105","70424578752513"
"243","12","Пластиковые ручки","142","70424578752513"
"244","3","Lecce Pen","32","72625749491713"
"245","3","Swarovski","45","70426726236161"
"246","21","Эклектика","195","72625749491713"
"247","21","STAN","42","72625749491713"
"249","42","Кружки для гравировки","102","70426726236161"
"250","57","термокружки и термосы для гравировки","255","70426726236161"
"251","109","Наборы для гравировки","112","70426726236161"
"253","41","Бутылки для гравировки","66","70426726236161"
"260","0","ЧЕКБОКСЫ","109","140746078289945"
"261","101","е-базар|ебазар|е базар","213","1125899906842625"
"263","0","ПРИМЕЧАНИЯ","108","8589934617"
"264","263","Минимальный общий заказ для Новосибирска - 6 000 рублей","108","4294967305"
"265","263","Минимальный общий заказ для Москвы и других городов - 20 000 рублей","107","4294967305"
"266","263","Цена указана за 1 шт. и без учёта нанесения ЛОГОТИПА. Цену при других тиражах и персонализации уточняйте у менеджеров.","190","4294967305"
"267","26","ежедневник|ежедневники|ежедневники с логотипом|ежедневники с нанесением|ежедневники с тиснением|еженедельник|еженедельники|t;tlytdybr|t;tlytdybrb","214","1125899906842625"
"268","30","кепка|кепки|бейсболка|бейсболки|козырек|козырьки|шляпы|шляпа|панама|панамы|головные уборы","221","1125899906842625"
"269","167","колонки|наушники|динамики|аудио|акустика|плеер|плееры|радио|fm-радио","222","1125899906842625"
"270","27","USB-устройства|гаджеты|зарядные устройства|зарядное устройство|usb-хаб|usb-хабы|мышь|мыши|мышь для ноутбука|компьютерная мышь|usb-hub|переходники","49","1125899906842625"
"271","260","лучшая цена -20%","226","17592186044425"
"272","21","Радуга","255","72625749491713"
